Filename,Hash,Record ID
1mb-examplefile-com.txt,b0ad047835f16d221ef6c10ca1263bc388a010b45e3980b7aedab46482a0ee2e
100mb-examplefile-com.txt,83a0ab687a50b26100fe8d2c272e6ec162fac1328920f79075927b9109a544ee
A0A0-A0A0-Astromech_OUTER_FOOT_for_0125_PLATE_Rev1_sample.dxf,ac0a99751395fb1a7d04a19f83e7d22db28cff53f4cfe851c90026626edfa3d7
access.log,0e6b516ed6cbc3da6bc55ef433adb7b36b80deccb18aed3d5c69b3c60116b039
Battery_Bracket_sample.sldprt,bfe3ed0486d3a8909d9a189f29081f622b2da19f2312cc7cb6e0fac35442e346
file_example_CSV_5000.csv,10a957f2149442885026da728a53f01ae2568917e3903c10ea77b24441f66df3
file_example_JPG_100kB.jpg,a9f8141939e33d3c5a45b9d2a94075eb2e15a7e77ef7a3f4263a240a2a51009d
file_example_JPG_2500kB.jpg,b1992703aa730da0e68158b3377570869db8b289a58b8f58b2361b66cba801b8
file_example_PNG_3MB.png,b06a000dd34b6c3562b3807bb01dcbc52f9294273a38ed6705648ad6004c949d
file_example_PNG_500kB.png,17fd23091bdf71eb44ca0b36d6b9382200f1bb6cdae48fded5c7e3dcd5c875c7
file_example_PPT_1MB.ppt,830ea6f9d95a52c65ce659c8a2f58ef232e246b27c9cf28b94df592a86d1995c
file_example_PPT_250kB.ppt,2684989457dfb212a2a372a7c5f51b0c3c19e95c25f990684cc0c1b65eb82c9f
file_example_SVG_20kB.svg,b46495470e867012e1d902245f7df8786ca983f8858d6757e8b69ba064a17e68
file_example_SVG_30kB.svg,b4683513640a91fc39da0b4865bb8cef66a3daf506b1f5aab77e3daa2538b79a
file_example_XLS_10.xls,c7b247250573b444f13a2a3b02dfeca89a216f4487af54dd6a209c6035fba2dc
file_example_XLS_5000.xls,b02060f93d97422ad6560769bd8f5ee4b3799a52d92d6e90c5648d4255ae5ca8
file_sample_29Mb.csv,ebb913477345811fa7d90988eafa1f2cd1cfa9a79c34aafd6070235fc228eb3c
file-example_PDF_1MB.pdf,470efd98ea2df573ac638994bf82bab941a3fd9540c9ce723b796de29b4d49af
file-sample_1MB.docx,5d7d93d0230246f689552cf1fb36f59a4d2396455c68ac6a8d640b8ca27f9bcb
file-sample_1MB.odt,97632d9c716e2f87285b7846e2c91916823916c344a4569ba82085e20c8ecdd7
file-sample_100kB.docx,ae9cf48951e62746e11c5552972cffafbdef3ed5af1ea176e4ec01351988b1b4
file-sample_100kB.odt,8580ac99820faacc055ebe851877942de648eb791fbb435906608ca7e7b1d54c
file-sample_150kB.pdf,2e94b5d69430dfdace9d1436bb1bf3318a8c01cf149aa6451d2a0b4ba7f8cfab
git.log,5a8c1298df55d392eb6f68dc2a86a3da88924542ffa36275d0068dc093504ba0
IRAmk4_sample.SLDASM,2e799ba57c8bb2aa542783113889b161b4f994298c2c0059443a0e0bdbb4d355
Pump_Manifold_v3_sample.step,9c88b8a2a507feb0bd5db390c15e66d6099fe335078b22b0147a0058ccf18cca
scene.blend,cf15b52d3ced1116a96e9ca0cbefa8165f3239b21242c246696e6101c4d981a7
X_tile.stl,7d16d912abeb11e169aa8f86537f246233bf9627605282d1f56aa49978a87d65
zip_2MB.zip,fc8de873e92c0a3ca1e7495e8ff20c9b61e1ecceac93e3ac9c035abe26b54771
zip_10MB.zip,ad23338413055b7973caaeb02ba2faa583a66ae4385e874bee98c0db4e6830eb
earth.glb,a1a81972fa6c39438a1179b7a777a1da572b6e3782349848d445af6bfdfb2a14,36
frog.jpg,56b7930836a2b45e8d52db5ff60951f9a25044b4a9b526b8ad118f94b259c4fe,37
frog_modified.png,427e934190ed968ecbaeebdd0865d05c5d98a1fe187f360b35587e33cdf511d1,38
steve-johnson-k40geqlmyk4-unsplash.jpg,200438fdd086347d6ef5d5d34eee5f5902c18720db59b9a441cb19ce273193ab,39
system testing.pdf,04c194692dc41d0073a40603d8fac31e0d93482927874c86e6d455413f28bade,40
test.txt,20f491d5a7c56d208c2b674edbb67681ff6e3883d5e2e9beddca09ae19e7f204,41
